Timestamp (us),String
19141499,2.2368,2.2367,2.2358,2.2182,2.2223,2.2327,2.2297,2.2313 
19151449,2.2371,2.2370,2.2362,2.2187,2.2230,2.2333,2.2302,2.2322 
19161563,2.2377,2.2373,2.2364,2.2189,2.2234,2.2333,2.2303,2.2322 
19171601,2.2376,2.2375,2.2365,2.2190,2.2233,2.2334,2.2304,2.2323 
19181698,2.2377,2.2376,2.2365,2.2191,2.2235,2.2334,2.2304,2.2325 
19191725,2.2378,2.2374,2.2365,2.2189,2.2233,2.2336,2.2303,2.2325 
19201800,2.2376,2.2376,2.2363,2.2191,2.2234,2.2332,2.2303,2.2325 
19211850,2.2376,2.2375,2.2364,2.2191,2.2234,2.2333,2.2303,2.2325 
19221894,2.2373,2.2376,2.2365,2.2188,2.2231,2.2334,2.2305,2.2323 
19231963,2.2374,2.2376,2.2364,2.2192,2.2234,2.2336,2.2306,2.2323 
19242005,2.2376,2.2373,2.2364,2.2191,2.2237,2.2336,2.2304,2.2329 
19252089,2.2377,2.2375,2.2364,2.2192,2.2235,2.2335,2.2306,2.2325 
19262142,2.2376,2.2375,2.2364,2.2191,2.2235,2.2335,2.2304,2.2325 
19272176,2.2378,2.2376,2.2368,2.2192,2.2236,2.2337,2.2307,2.2327 
19282203,2.2379,2.2376,2.2367,2.2193,2.2238,2.2339,2.2307,2.2330 
19292285,2.2377,2.2378,2.2368,2.2191,2.2235,2.2337,2.2308,2.2325 
19302309,2.2375,2.2377,2.2367,2.2191,2.2234,2.2338,2.2310,2.2329 
19312392,2.2376,2.2373,2.2364,2.2190,2.2233,2.2335,2.2305,2.2325 
19322304,2.2374,2.2371,2.2360,2.2187,2.2230,2.2329,2.2300,2.2322 
19332417,2.2373,2.2372,2.2363,2.2186,2.2230,2.2330,2.2301,2.2320 
19342560,2.2372,2.2371,2.2357,2.2185,2.2228,2.2330,2.2299,2.2319 
19352630,2.2375,2.2373,2.2362,2.2186,2.2230,2.2329,2.2299,2.2322 
19362689,2.2379,2.2372,2.2364,2.2192,2.2237,2.2337,2.2307,2.2327 
19372742,2.2377,2.2375,2.2364,2.2193,2.2235,2.2337,2.2306,2.2326 
19382730,2.2375,2.2372,2.2363,2.2190,2.2234,2.2333,2.2304,2.2326 
19392829,2.2376,2.2373,2.2363,2.2192,2.2236,2.2336,2.2306,2.2327 
19402841,2.2377,2.2376,2.2365,2.2190,2.2237,2.2334,2.2304,2.2327 
19412921,2.2376,2.2373,2.2363,2.2191,2.2236,2.2334,2.2305,2.2324 
19422973,2.2372,2.2374,2.2362,2.2188,2.2229,2.2329,2.2302,2.2319 
19432994,2.2376,2.2377,2.2368,2.2190,2.2235,2.2336,2.2306,2.2325 
19443049,2.2377,2.2375,2.2364,2.2190,2.2232,2.2335,2.2304,2.2323 
19453119,2.2374,2.2375,2.2362,2.2190,2.2231,2.2331,2.2302,2.2321 
19463113,2.2373,2.2369,2.2362,2.2186,2.2231,2.2332,2.2303,2.2321 
19473206,2.2376,2.2377,2.2367,2.2190,2.2234,2.2336,2.2307,2.2325 
19483273,2.2375,2.2375,2.2363,2.2190,2.2232,2.2334,2.2303,2.2325 
19493300,2.2377,2.2378,2.2365,2.2191,2.2235,2.2333,2.2304,2.2324 
19503389,2.2375,2.2375,2.2365,2.2190,2.2232,2.2337,2.2305,2.2325 
19513494,2.2376,2.2374,2.2366,2.2192,2.2234,2.2335,2.2304,2.2323 
19523491,2.2375,2.2376,2.2365,2.2191,2.2233,2.2336,2.2305,2.2326 
19533583,2.2379,2.2376,2.2365,2.2192,2.2235,2.2336,2.2305,2.2325 
19543569,2.2377,2.2374,2.2365,2.2190,2.2234,2.2334,2.2305,2.2326 
19563694,2.2370,2.2370,2.2359,2.2184,2.2228,2.2329,2.2298,2.2319 
19573599,2.2370,2.2371,2.2360,2.2184,2.2230,2.2330,2.2300,2.2319 
19583806,2.2376,2.2374,2.2361,2.2187,2.2231,2.2331,2.2301,2.2319 
19593906,2.2370,2.2371,2.2359,2.2185,2.2227,2.2327,2.2298,2.2320 
19603789,2.2370,2.2369,2.2359,2.2185,2.2230,2.2328,2.2300,2.2320 
19613981,2.2376,2.2375,2.2367,2.2190,2.2235,2.2335,2.2305,2.2326 
19624062,2.2377,2.2373,2.2365,2.2191,2.2236,2.2334,2.2305,2.2326 
19634095,2.2379,2.2375,2.2364,2.2190,2.2234,2.2334,2.2304,2.2324 
19644145,2.2374,2.2373,2.2364,2.2190,2.2234,2.2333,2.2303,2.2325 
19654201,2.2376,2.2373,2.2365,2.2190,2.2234,2.2335,2.2305,2.2325 
19664253,2.2374,2.2372,2.2361,2.2189,2.2229,2.2331,2.2302,2.2321 
19674317,2.2374,2.2374,2.2365,2.2187,2.2232,2.2333,2.2304,2.2322 
19684375,2.2376,2.2376,2.2364,2.2189,2.2232,2.2334,2.2303,2.2324 
19694368,2.2380,2.2375,2.2366,2.2191,2.2237,2.2337,2.2308,2.2328 
19704504,2.2378,2.2375,2.2365,2.2191,2.2236,2.2336,2.2305,2.2326 
19714536,2.2374,2.2372,2.2363,2.2189,2.2237,2.2334,2.2303,2.2326 
19724603,2.2375,2.2374,2.2363,2.2187,2.2233,2.2335,2.2303,2.2323 
19734686,2.2375,2.2375,2.2366,2.2193,2.2234,2.2337,2.2306,2.2326 
19744658,2.2374,2.2371,2.2358,2.2190,2.2233,2.2332,2.2299,2.2323 
19754739,2.2376,2.2374,2.2364,2.2189,2.2230,2.2331,2.2303,2.2323 
19764813,2.2376,2.2375,2.2363,2.2189,2.2232,2.2334,2.2304,2.2323 
19774885,2.2375,2.2374,2.2365,2.2192,2.2236,2.2335,2.2305,2.2327 
19784897,2.2375,2.2372,2.2365,2.2190,2.2235,2.2334,2.2304,2.2324 
19794954,2.2377,2.2372,2.2365,2.2190,2.2235,2.2335,2.2307,2.2325 
19805022,2.2375,2.2372,2.2363,2.2189,2.2232,2.2333,2.2301,2.2323 
19815006,2.2377,2.2376,2.2366,2.2190,2.2234,2.2334,2.2305,2.2325 
19825158,2.2376,2.2375,2.2364,2.2189,2.2233,2.2334,2.2303,2.2325 
19835182,2.2372,2.2372,2.2360,2.2188,2.2232,2.2332,2.2302,2.2324 
19845301,2.2371,2.2370,2.2359,2.2185,2.2229,2.2328,2.2299,2.2319 
19855297,2.2372,2.2370,2.2363,2.2188,2.2234,2.2334,2.2303,2.2326 
19865404,2.2379,2.2376,2.2368,2.2193,2.2239,2.2337,2.2307,2.2328 
19875447,2.2371,2.2375,2.2361,2.2184,2.2227,2.2328,2.2299,2.2317 
19885438,2.2371,2.2371,2.2363,2.2187,2.2232,2.2333,2.2303,2.2322 
19895546,2.2376,2.2375,2.2366,2.2189,2.2235,2.2336,2.2305,2.2327 
19905571,2.2375,2.2375,2.2363,2.2188,2.2231,2.2333,2.2303,2.2323 
19915570,2.2374,2.2370,2.2361,2.2188,2.2230,2.2331,2.2303,2.2322 
19925752,2.2373,2.2368,2.2359,2.2183,2.2227,2.2327,2.2298,2.2317 
19935682,2.2373,2.2370,2.2363,2.2189,2.2232,2.2331,2.2303,2.2323 
19945776,2.2376,2.2375,2.2365,2.2191,2.2235,2.2335,2.2304,2.2326 
19955839,2.2375,2.2375,2.2365,2.2191,2.2233,2.2336,2.2307,2.2325 
19965915,2.2377,2.2374,2.2365,2.2191,2.2235,2.2337,2.2307,2.2326 
19975985,2.2376,2.2376,2.2367,2.2192,2.2237,2.2337,2.2307,2.2327 
19986037,2.2374,2.2373,2.2363,2.2188,2.2232,2.2334,2.2304,2.2325 
19996100,2.2376,2.2375,2.2365,2.2189,2.2234,2.2337,2.2305,2.2327 
20006102,2.2374,2.2376,2.2364,2.2190,2.2235,2.2337,2.2306,2.2326 
20016192,2.2378,2.2375,2.2364,2.2193,2.2239,2.2338,2.2306,2.2328 
20026262,2.2377,2.2374,2.2365,2.2192,2.2236,2.2337,2.2306,2.2327 
20036273,2.2376,2.2375,2.2363,2.2192,2.2235,2.2333,2.2304,2.2324 
20046369,2.2378,2.2374,2.2366,2.2191,2.2236,2.2339,2.2308,2.2328 
20056410,2.2378,2.2376,2.2367,2.2193,2.2236,2.2337,2.2306,2.2327 
20066440,2.2375,2.2374,2.2363,2.2190,2.2233,2.2336,2.2306,2.2325 
20076411,2.2375,2.2373,2.2358,2.2187,2.2230,2.2329,2.2302,2.2320 
20086626,2.2371,2.2368,2.2357,2.2185,2.2227,2.2325,2.2296,2.2317 
20096630,2.2370,2.2369,2.2357,2.2184,2.2227,2.2326,2.2298,2.2318 
20106618,2.2374,2.2374,2.2367,2.2190,2.2233,2.2336,2.2306,2.2324 
20116681,2.2376,2.2376,2.2365,2.2190,2.2234,2.2336,2.2306,2.2325 
20126791,2.2375,2.2375,2.2366,2.2189,2.2233,2.2334,2.2306,2.2323 
20136831,2.2377,2.2372,2.2364,2.2189,2.2233,2.2332,2.2302,2.2325 
20146863,2.2375,2.2376,2.2364,2.2189,2.2233,2.2334,2.2304,2.2324 
20156915,2.2376,2.2375,2.2363,2.2190,2.2231,2.2334,2.2304,2.2322 
20166958,2.2373,2.2373,2.2366,2.2187,2.2231,2.2333,2.2304,2.2324 
20177009,2.2376,2.2373,2.2362,2.2190,2.2234,2.2333,2.2302,2.2322 
20187114,2.2374,2.2373,2.2362,2.2189,2.2231,2.2332,2.2303,2.2322 
20197138,2.2374,2.2371,2.2363,2.2187,2.2233,2.2332,2.2302,2.2325 
20207237,2.2376,2.2373,2.2363,2.2189,2.2234,2.2332,2.2303,2.2323 
20217239,2.2372,2.2372,2.2361,2.2187,2.2232,2.2333,2.2301,2.2324 
20227155,2.2375,2.2370,2.2361,2.2188,2.2230,2.2331,2.2300,2.2321 
20237380,2.2375,2.2373,2.2362,2.2192,2.2235,2.2334,2.2304,2.2325 
20247460,2.2375,2.2375,2.2364,2.2189,2.2233,2.2333,2.2303,2.2323 
20257463,2.2377,2.2377,2.2364,2.2190,2.2233,2.2335,2.2305,2.2325 
20267520,2.2376,2.2374,2.2364,2.2187,2.2231,2.2333,2.2302,2.2324 
20277617,2.2372,2.2368,2.2357,2.2185,2.2228,2.2328,2.2300,2.2317 
20287592,2.2374,2.2371,2.2358,2.2188,2.2232,2.2332,2.2302,2.2321 
20297649,2.2371,2.2372,2.2361,2.2184,2.2227,2.2329,2.2301,2.2320 
20307780,2.2375,2.2374,2.2364,2.2189,2.2232,2.2332,2.2304,2.2322 
20317790,2.2375,2.2376,2.2365,2.2190,2.2237,2.2336,2.2304,2.2328 
20327912,2.2379,2.2378,2.2368,2.2193,2.2237,2.2338,2.2306,2.2328 
20337931,2.2377,2.2375,2.2365,2.2191,2.2234,2.2336,2.2305,2.2329 
20347979,2.2375,2.2375,2.2367,2.2189,2.2233,2.2337,2.2305,2.2325 
20358042,2.2377,2.2378,2.2367,2.2191,2.2236,2.2336,2.2307,2.2327 
20368092,2.2377,2.2375,2.2366,2.2191,2.2233,2.2336,2.2306,2.2325 
20378176,2.2377,2.2377,2.2367,2.2192,2.2235,2.2335,2.2305,2.2325 
20388217,2.2374,2.2373,2.2363,2.2189,2.2234,2.2334,2.2304,2.2325 
20398247,2.2374,2.2371,2.2363,2.2189,2.2233,2.2332,2.2303,2.2323 
20408249,2.2376,2.2374,2.2364,2.2190,2.2234,2.2336,2.2306,2.2325 
20418364,2.2370,2.2371,2.2357,2.2185,2.2229,2.2328,2.2298,2.2319 
20428389,2.2371,2.2372,2.2361,2.2186,2.2231,2.2329,2.2302,2.2318 
20438517,2.2373,2.2372,2.2360,2.2186,2.2231,2.2329,2.2299,2.2321 
20448533,2.2369,2.2370,2.2359,2.2184,2.2226,2.2326,2.2297,2.2317 
20458588,2.2370,2.2371,2.2361,2.2183,2.2227,2.2327,2.2298,2.2316 
20468557,2.2368,2.2368,2.2360,2.2184,2.2228,2.2330,2.2300,2.2320 
20478666,2.2370,2.2370,2.2359,2.2183,2.2228,2.2326,2.2296,2.2318 
20488789,2.2373,2.2371,2.2357,2.2185,2.2227,2.2327,2.2298,2.2315 
20498790,2.2375,2.2372,2.2365,2.2189,2.2232,2.2333,2.2303,2.2323 
20508838,2.2377,2.2375,2.2366,2.2190,2.2235,2.2337,2.2308,2.2325 
20518872,2.2377,2.2373,2.2363,2.2190,2.2235,2.2334,2.2304,2.2325 
20528941,2.2376,2.2375,2.2363,2.2191,2.2236,2.2333,2.2304,2.2325 
20539021,2.2377,2.2373,2.2366,2.2191,2.2236,2.2338,2.2305,2.2326 
20549124,2.2376,2.2377,2.2366,2.2193,2.2235,2.2337,2.2306,2.2327 
20559150,2.2378,2.2374,2.2366,2.2192,2.2235,2.2335,2.2305,2.2326 
20569157,2.2379,2.2376,2.2364,2.2191,2.2235,2.2333,2.2304,2.2325 
20579238,2.2377,2.2376,2.2368,2.2192,2.2235,2.2337,2.2305,2.2328 
20589309,2.2375,2.2375,2.2367,2.2192,2.2236,2.2338,2.2306,2.2326 
20599347,2.2376,2.2373,2.2363,2.2189,2.2234,2.2335,2.2304,2.2326 
20609410,2.2377,2.2377,2.2368,2.2194,2.2236,2.2338,2.2307,2.2326 
20619507,2.2375,2.2372,2.2364,2.2189,2.2234,2.2335,2.2304,2.2326 
20629460,2.2377,2.2376,2.2364,2.2190,2.2233,2.2333,2.2303,2.2326 
20639557,2.2375,2.2374,2.2366,2.2191,2.2235,2.2334,2.2305,2.2326 
20649567,2.2377,2.2376,2.2366,2.2191,2.2235,2.2337,2.2307,2.2326 
20659668,2.2375,2.2373,2.2363,2.2188,2.2233,2.2332,2.2303,2.2323 
20669702,2.2377,2.2374,2.2365,2.2190,2.2234,2.2336,2.2305,2.2326 
20679783,2.2376,2.2374,2.2363,2.2191,2.2235,2.2337,2.2304,2.2326 
20689829,2.2375,2.2375,2.2365,2.2191,2.2233,2.2335,2.2305,2.2324 
20699894,2.2374,2.2376,2.2364,2.2190,2.2234,2.2336,2.2304,2.2325 
20709929,2.2376,2.2374,2.2366,2.2190,2.2234,2.2337,2.2305,2.2326 
20720024,2.2375,2.2374,2.2367,2.2191,2.2235,2.2336,2.2307,2.2326 
20730021,2.2374,2.2374,2.2365,2.2190,2.2235,2.2334,2.2305,2.2323 
20740092,2.2373,2.2374,2.2361,2.2187,2.2231,2.2332,2.2302,2.2322 
20750242,2.2372,2.2369,2.2358,2.2186,2.2228,2.2328,2.2297,2.2319 
20760179,2.2372,2.2368,2.2358,2.2185,2.2228,2.2330,2.2300,2.2318 
20770222,2.2372,2.2373,2.2359,2.2186,2.2230,2.2329,2.2301,2.2321 
20780277,2.2375,2.2375,2.2362,2.2187,2.2230,2.2334,2.2304,2.2322 
20790293,2.2372,2.2373,2.2361,2.2183,2.2226,2.2327,2.2300,2.2319 
20800260,2.2372,2.2371,2.2358,2.2186,2.2230,2.2330,2.2300,2.2321 
20810513,2.2371,2.2372,2.2359,2.2182,2.2227,2.2331,2.2298,2.2317 
20820562,2.2374,2.2371,2.2364,2.2189,2.2235,2.2334,2.2305,2.2324 
20830624,2.2373,2.2372,2.2364,2.2189,2.2236,2.2334,2.2302,2.2326 
20840627,2.2376,2.2376,2.2365,2.2190,2.2236,2.2336,2.2305,2.2326 
20850675,2.2377,2.2375,2.2366,2.2190,2.2233,2.2336,2.2305,2.2325 
20860758,2.2375,2.2374,2.2363,2.2189,2.2232,2.2332,2.2302,2.2323 
20870808,2.2375,2.2376,2.2365,2.2190,2.2234,2.2334,2.2306,2.2324 
20880789,2.2371,2.2372,2.2360,2.2187,2.2228,2.2330,2.2300,2.2318 
20890862,2.2373,2.2371,2.2362,2.2186,2.2231,2.2330,2.2302,2.2321 
20900986,2.2379,2.2377,2.2364,2.2191,2.2234,2.2335,2.2304,2.2328 
20911077,2.2378,2.2377,2.2364,2.2192,2.2236,2.2336,2.2306,2.2327 
20921085,2.2379,2.2374,2.2365,2.2192,2.2234,2.2334,2.2304,2.2325 
20931140,2.2376,2.2377,2.2367,2.2188,2.2232,2.2336,2.2305,2.2325 
20941222,2.2378,2.2376,2.2367,2.2193,2.2238,2.2337,2.2307,2.2328 
20951232,2.2378,2.2377,2.2367,2.2191,2.2234,2.2335,2.2303,2.2326 
20961265,2.2375,2.2375,2.2363,2.2190,2.2235,2.2336,2.2306,2.2328 
20971340,2.2376,2.2377,2.2367,2.2190,2.2234,2.2337,2.2308,2.2327 
20981367,2.2375,2.2373,2.2363,2.2191,2.2234,2.2334,2.2304,2.2324 
20991454,2.2376,2.2374,2.2367,2.2192,2.2234,2.2338,2.2307,2.2327 
21001474,2.2377,2.2375,2.2365,2.2189,2.2233,2.2334,2.2305,2.2324 
21011581,2.2379,2.2375,2.2367,2.2192,2.2235,2.2334,2.2306,2.2324 
21021595,2.2376,2.2374,2.2365,2.2191,2.2233,2.2336,2.2305,2.2325 
21031632,2.2374,2.2374,2.2367,2.2190,2.2236,2.2336,2.2306,2.2326 
21041731,2.2376,2.2378,2.2366,2.2192,2.2236,2.2337,2.2306,2.2327 
21051722,2.2375,2.2376,2.2366,2.2190,2.2235,2.2335,2.2304,2.2327 
21061835,2.2379,2.2374,2.2366,2.2191,2.2234,2.2336,2.2306,2.2326 
21071886,2.2378,2.2376,2.2369,2.2192,2.2236,2.2337,2.2307,2.2328 
21081897,2.2375,2.2373,2.2364,2.2187,2.2230,2.2332,2.2303,2.2321 
21091959,2.2377,2.2376,2.2364,2.2189,2.2233,2.2334,2.2303,2.2324 
21102003,2.2377,2.2376,2.2363,2.2191,2.2234,2.2336,2.2305,2.2325 
21112069,2.2374,2.2370,2.2363,2.2189,2.2233,2.2336,2.2305,2.2324 
21122117,2.2377,2.2375,2.2364,2.2191,2.2234,2.2333,2.2304,2.2324 
21132193,2.2376,2.2375,2.2364,2.2190,2.2233,2.2333,2.2304,2.2324 
21142249,2.2376,2.2374,2.2364,2.2191,2.2234,2.2333,2.2303,2.2323 
21152260,2.2372,2.2370,2.2359,2.2186,2.2229,2.2331,2.2298,2.2320 
21162365,2.2369,2.2371,2.2357,2.2184,2.2228,2.2327,2.2295,2.2316 
21172411,2.2370,2.2368,2.2357,2.2182,2.2227,2.2326,2.2298,2.2317 
21182450,2.2371,2.2371,2.2358,2.2184,2.2229,2.2328,2.2297,2.2320 
21192449,2.2368,2.2368,2.2359,2.2184,2.2228,2.2330,2.2301,2.2321 
21202595,2.2372,2.2372,2.2359,2.2185,2.2228,2.2327,2.2297,2.2318 
21212600,2.2370,2.2368,2.2356,2.2183,2.2227,2.2327,2.2296,2.2317 
21222711,2.2371,2.2370,2.2358,2.2184,2.2228,2.2327,2.2298,2.2318 
21232758,2.2368,2.2367,2.2357,2.2181,2.2226,2.2325,2.2295,2.2317 
21242833,2.2367,2.2367,2.2356,2.2183,2.2229,2.2328,2.2298,2.2319 
21252796,2.2376,2.2375,2.2365,2.2190,2.2236,2.2335,2.2304,2.2326 
21262904,2.2376,2.2374,2.2363,2.2192,2.2235,2.2335,2.2304,2.2325 
21272816,2.2372,2.2369,2.2360,2.2186,2.2230,2.2330,2.2300,2.2321 
21282963,2.2375,2.2372,2.2364,2.2190,2.2235,2.2332,2.2303,2.2323 
21293025,2.2377,2.2373,2.2365,2.2190,2.2233,2.2334,2.2304,2.2324 
21303080,2.2377,2.2377,2.2365,2.2191,2.2236,2.2336,2.2306,2.2325 
21313150,2.2378,2.2374,2.2363,2.2191,2.2234,2.2334,2.2304,2.2324 
21323226,2.2373,2.2374,2.2363,2.2188,2.2231,2.2334,2.2304,2.2322 
21333283,2.2376,2.2375,2.2367,2.2190,2.2236,2.2337,2.2308,2.2327 
21343333,2.2373,2.2372,2.2361,2.2189,2.2232,2.2332,2.2303,2.2323 
21353401,2.2375,2.2375,2.2364,2.2189,2.2234,2.2332,2.2304,2.2325 
21363437,2.2374,2.2374,2.2364,2.2189,2.2235,2.2335,2.2305,2.2325 
21373462,2.2376,2.2376,2.2364,2.2191,2.2235,2.2334,2.2304,2.2326 
21383518,2.2376,2.2373,2.2363,2.2191,2.2235,2.2334,2.2303,2.2325 
21393603,2.2379,2.2378,2.2367,2.2191,2.2235,2.2334,2.2307,2.2326 
21403615,2.2375,2.2372,2.2363,2.2190,2.2233,2.2332,2.2303,2.2323 
21413631,2.2377,2.2372,2.2363,2.2190,2.2235,2.2333,2.2303,2.2325 
21423781,2.2373,2.2374,2.2363,2.2189,2.2234,2.2335,2.2304,2.2324 
21433782,2.2375,2.2375,2.2362,2.2190,2.2235,2.2334,2.2303,2.2327 
21443856,2.2376,2.2373,2.2362,2.2190,2.2234,2.2332,2.2302,2.2323 
21453934,2.2372,2.2375,2.2365,2.2188,2.2232,2.2333,2.2302,2.2322 
21463941,2.2376,2.2374,2.2363,2.2190,2.2233,2.2332,2.2302,2.2324 
21474080,2.2377,2.2377,2.2369,2.2191,2.2235,2.2336,2.2307,2.2326 
21484022,2.2378,2.2373,2.2364,2.2190,2.2234,2.2334,2.2304,2.2324 
21494048,2.2371,2.2373,2.2362,2.2184,2.2228,2.2332,2.2304,2.2320 
21504088,2.2372,2.2372,2.2360,2.2185,2.2230,2.2332,2.2299,2.2320 
21514269,2.2371,2.2369,2.2358,2.2183,2.2227,2.2328,2.2299,2.2319 
21524368,2.2369,2.2370,2.2357,2.2185,2.2227,2.2326,2.2297,2.2317 
21534352,2.2370,2.2369,2.2358,2.2184,2.2226,2.2327,2.2297,2.2316 
21544383,2.2371,2.2371,2.2360,2.2184,2.2228,2.2328,2.2298,2.2317 
21564501,2.2373,2.2372,2.2359,2.2185,2.2228,2.2329,2.2300,2.2318 
21574540,2.2376,2.2373,2.2363,2.2190,2.2235,2.2334,2.2306,2.2325 
21584610,2.2376,2.2375,2.2367,2.2190,2.2232,2.2336,2.2305,2.2322 
21594696,2.2377,2.2373,2.2362,2.2192,2.2235,2.2335,2.2305,2.2323 
21604727,2.2382,2.2382,2.2370,2.2196,2.2241,2.2340,2.2311,2.2331 
21614770,2.2376,2.2375,2.2367,2.2189,2.2234,2.2335,2.2305,2.2324 
21624844,2.2377,2.2377,2.2366,2.2191,2.2235,2.2335,2.2305,2.2326 
21634917,2.2377,2.2378,2.2368,2.2193,2.2237,2.2339,2.2306,2.2327 
21644888,2.2381,2.2378,2.2367,2.2193,2.2239,2.2339,2.2306,2.2330 
21654886,2.2373,2.2371,2.2360,2.2186,2.2230,2.2333,2.2301,2.2321 
21665041,2.2376,2.2375,2.2366,2.2190,2.2234,2.2336,2.2306,2.2328 
21675143,2.2377,2.2373,2.2364,2.2192,2.2235,2.2338,2.2305,2.2326 
21685172,2.2375,2.2373,2.2363,2.2191,2.2233,2.2333,2.2302,2.2325 
21695208,2.2375,2.2377,2.2365,2.2191,2.2234,2.2334,2.2306,2.2323 
21705239,2.2378,2.2374,2.2366,2.2190,2.2234,2.2337,2.2306,2.2326 
21715314,2.2376,2.2375,2.2366,2.2189,2.2234,2.2335,2.2304,2.2323 
21725397,2.2376,2.2375,2.2361,2.2188,2.2232,2.2333,2.2304,2.2324 
21735324,2.2372,2.2374,2.2361,2.2188,2.2230,2.2331,2.2300,2.2320 
21745498,2.2377,2.2375,2.2363,2.2192,2.2234,2.2335,2.2303,2.2325 
21755500,2.2371,2.2370,2.2359,2.2186,2.2230,2.2329,2.2299,2.2319 
21765462,2.2370,2.2370,2.2360,2.2185,2.2229,2.2329,2.2300,2.2317 
21775705,2.2371,2.2371,2.2359,2.2184,2.2229,2.2329,2.2296,2.2319 
21785694,2.2370,2.2370,2.2361,2.2185,2.2227,2.2326,2.2296,2.2316 
21795808,2.2372,2.2369,2.2360,2.2183,2.2227,2.2328,2.2297,2.2318 
21805794,2.2370,2.2371,2.2359,2.2185,2.2228,2.2329,2.2300,2.2318 
21815775,2.2371,2.2370,2.2360,2.2189,2.2229,2.2330,2.2300,2.2319 
21825856,2.2375,2.2374,2.2366,2.2190,2.2235,2.2336,2.2305,2.2325 
21835963,2.2376,2.2373,2.2362,2.2190,2.2234,2.2334,2.2304,2.2324 
21846067,2.2370,2.2369,2.2359,2.2185,2.2225,2.2326,2.2297,2.2315 
21856035,2.2370,2.2370,2.2359,2.2184,2.2228,2.2331,2.2299,2.2321 
21866074,2.2377,2.2374,2.2362,2.2190,2.2234,2.2334,2.2302,2.2325 
21876227,2.2379,2.2374,2.2366,2.2193,2.2237,2.2339,2.2308,2.2331 
21886273,2.2378,2.2377,2.2363,2.2192,2.2235,2.2335,2.2303,2.2324 
21896276,2.2374,2.2372,2.2363,2.2190,2.2235,2.2335,2.2305,2.2326 
21906305,2.2375,2.2375,2.2362,2.2190,2.2233,2.2334,2.2304,2.2324 
21916393,2.2370,2.2371,2.2358,2.2185,2.2228,2.2326,2.2297,2.2318 
21926502,2.2372,2.2368,2.2360,2.2185,2.2228,2.2328,2.2300,2.2318 
21936565,2.2370,2.2369,2.2357,2.2185,2.2228,2.2328,2.2298,2.2317 
21946611,2.2371,2.2366,2.2359,2.2182,2.2223,2.2327,2.2299,2.2315 
21956674,2.2376,2.2374,2.2363,2.2189,2.2234,2.2336,2.2304,2.2324 
21966699,2.2374,2.2374,2.2364,2.2189,2.2234,2.2337,2.2306,2.2327 
21976720,2.2375,2.2371,2.2365,2.2191,2.2233,2.2337,2.2306,2.2326 
21986842,2.2377,2.2376,2.2365,2.2193,2.2237,2.2334,2.2304,2.2325 
21996892,2.2379,2.2378,2.2369,2.2193,2.2235,2.2337,2.2307,2.2327 
22006965,2.2378,2.2378,2.2364,2.2193,2.2239,2.2337,2.2309,2.2328 
22016987,2.2376,2.2379,2.2366,2.2191,2.2237,2.2336,2.2305,2.2327 
22027014,2.2374,2.2375,2.2367,2.2190,2.2235,2.2339,2.2306,2.2326 
22037075,2.2374,2.2374,2.2362,2.2189,2.2232,2.2331,2.2304,2.2321 
22047132,2.2371,2.2368,2.2361,2.2187,2.2229,2.2330,2.2299,2.2318 
22057200,2.2374,2.2375,2.2365,2.2189,2.2234,2.2336,2.2308,2.2326 
22067244,2.2375,2.2374,2.2365,2.2191,2.2233,2.2336,2.2304,2.2325 
22077335,2.2377,2.2375,2.2367,2.2193,2.2237,2.2336,2.2306,2.2325 
22087337,2.2373,2.2375,2.2364,2.2189,2.2233,2.2334,2.2303,2.2324 
22097462,2.2378,2.2376,2.2366,2.2193,2.2235,2.2337,2.2306,2.2327 
22107472,2.2376,2.2374,2.2363,2.2189,2.2235,2.2334,2.2304,2.2323 
22117245,2.2370,2.2370,2.2360,2.2185,2.2227,2.2330,2.2300,2.2319 
22127554,2.2374,2.2373,2.2364,2.2186,2.2230,2.2333,2.2303,2.2322 
22137651,2.2378,2.2375,2.2367,2.2193,2.2237,2.2338,2.2306,2.2327 
22147698,2.2378,2.2375,2.2364,2.2189,2.2233,2.2333,2.2304,2.2323 
22157734,2.2374,2.2375,2.2365,2.2188,2.2233,2.2334,2.2306,2.2326 
22167793,2.2373,2.2372,2.2361,2.2189,2.2233,2.2333,2.2303,2.2324 
22177803,2.2376,2.2374,2.2365,2.2190,2.2234,2.2333,2.2305,2.2323 
22187896,2.2375,2.2374,2.2364,2.2189,2.2233,2.2336,2.2306,2.2324 
22197948,2.2376,2.2374,2.2362,2.2189,2.2231,2.2332,2.2302,2.2322 
22208023,2.2376,2.2374,2.2364,2.2189,2.2231,2.2334,2.2305,2.2323 
22218094,2.2378,2.2374,2.2362,2.2192,2.2234,2.2334,2.2304,2.2325 
22228088,2.2377,2.2373,2.2365,2.2190,2.2236,2.2336,2.2306,2.2325 
22238230,2.2378,2.2377,2.2367,2.2192,2.2234,2.2335,2.2305,2.2324 
22248252,2.2374,2.2374,2.2366,2.2188,2.2232,2.2334,2.2305,2.2323 
22258278,2.2374,2.2374,2.2364,2.2189,2.2231,2.2332,2.2304,2.2323 
22268305,2.2376,2.2380,2.2366,2.2192,2.2234,2.2334,2.2305,2.2326 
22278398,2.2377,2.2376,2.2365,2.2192,2.2235,2.2334,2.2305,2.2324 
22288356,2.2371,2.2371,2.2362,2.2190,2.2233,2.2334,2.2302,2.2324 
22298526,2.2379,2.2375,2.2366,2.2191,2.2236,2.2337,2.2305,2.2325 
22308565,2.2375,2.2378,2.2366,2.2190,2.2234,2.2337,2.2308,2.2326 
22318587,2.2376,2.2374,2.2365,2.2190,2.2235,2.2334,2.2304,2.2326 
22328666,2.2375,2.2374,2.2363,2.2190,2.2234,2.2337,2.2306,2.2325 
22338720,2.2378,2.2376,2.2365,2.2191,2.2236,2.2336,2.2304,2.2327 
22348795,2.2375,2.2374,2.2364,2.2192,2.2232,2.2334,2.2303,2.2324 
22358851,2.2376,2.2374,2.2363,2.2189,2.2233,2.2336,2.2304,2.2324 
22368856,2.2373,2.2370,2.2362,2.2187,2.2231,2.2332,2.2302,2.2322 
22378837,2.2373,2.2370,2.2361,2.2186,2.2229,2.2331,2.2301,2.2322 
22388994,2.2377,2.2376,2.2364,2.2187,2.2232,2.2334,2.2304,2.2322 
22399078,2.2369,2.2371,2.2361,2.2186,2.2227,2.2328,2.2299,2.2317 
22409153,2.2368,2.2366,2.2355,2.2183,2.2226,2.2327,2.2297,2.2316 
22419058,2.2371,2.2371,2.2358,2.2187,2.2230,2.2329,2.2298,2.2320 
22429216,2.2377,2.2377,2.2368,2.2189,2.2236,2.2336,2.2304,2.2325 
22439231,2.2375,2.2375,2.2366,2.2190,2.2235,2.2338,2.2306,2.2327 
22449344,2.2377,2.2376,2.2366,2.2192,2.2235,2.2337,2.2306,2.2327 
22459397,2.2374,2.2375,2.2363,2.2189,2.2235,2.2335,2.2304,2.2325 
22469416,2.2376,2.2375,2.2363,2.2190,2.2234,2.2336,2.2305,2.2326 
22479505,2.2378,2.2377,2.2365,2.2192,2.2237,2.2337,2.2308,2.2330 
22489514,2.2377,2.2375,2.2366,2.2191,2.2234,2.2335,2.2305,2.2326 
22499639,2.2378,2.2376,2.2366,2.2193,2.2235,2.2337,2.2306,2.2325 
22509656,2.2376,2.2375,2.2364,2.2189,2.2235,2.2336,2.2304,2.2327 
22519722,2.2377,2.2378,2.2365,2.2193,2.2237,2.2336,2.2306,2.2327 
22539855,2.2376,2.2374,2.2365,2.2189,2.2233,2.2335,2.2307,2.2326 
22549789,2.2375,2.2371,2.2363,2.2188,2.2231,2.2332,2.2300,2.2321 
22559915,2.2377,2.2377,2.2366,2.2189,2.2234,2.2336,2.2307,2.2324 
22570011,2.2378,2.2372,2.2364,2.2189,2.2234,2.2336,2.2305,2.2326 
22580035,2.2373,2.2372,2.2361,2.2185,2.2228,2.2331,2.2302,2.2318 
22590085,2.2379,2.2375,2.2366,2.2191,2.2235,2.2336,2.2306,2.2327 
22600173,2.2375,2.2376,2.2366,2.2193,2.2236,2.2335,2.2306,2.2328 
22610200,2.2377,2.2374,2.2365,2.2191,2.2235,2.2336,2.2306,2.2326 
22620296,2.2378,2.2374,2.2367,2.2192,2.2234,2.2335,2.2306,2.2325 
22630354,2.2378,2.2375,2.2364,2.2192,2.2235,2.2336,2.2306,2.2325 
22640354,2.2377,2.2376,2.2364,2.2190,2.2234,2.2337,2.2307,2.2326 
22650439,2.2376,2.2373,2.2365,2.2191,2.2235,2.2335,2.2305,2.2326 
22660422,2.2375,2.2375,2.2365,2.2190,2.2235,2.2336,2.2305,2.2325 
22670569,2.2379,2.2375,2.2365,2.2192,2.2237,2.2337,2.2307,2.2326 
22680581,2.2377,2.2376,2.2362,2.2192,2.2234,2.2336,2.2305,2.2326 
22690675,2.2377,2.2376,2.2363,2.2192,2.2235,2.2334,2.2304,2.2325 
22700737,2.2379,2.2373,2.2365,2.2191,2.2235,2.2337,2.2306,2.2327 
22710730,2.2372,2.2372,2.2363,2.2188,2.2232,2.2333,2.2303,2.2325 
22720817,2.2377,2.2376,2.2364,2.2191,2.2234,2.2335,2.2304,2.2325 
22730870,2.2374,2.2375,2.2363,2.2191,2.2233,2.2336,2.2304,2.2325 
22740903,2.2374,2.2373,2.2362,2.2189,2.2234,2.2332,2.2303,2.2323 
22750951,2.2375,2.2374,2.2363,2.2190,2.2234,2.2332,2.2302,2.2323 
22760952,2.2375,2.2375,2.2365,2.2190,2.2233,2.2334,2.2304,2.2325 
22771089,2.2374,2.2374,2.2363,2.2190,2.2232,2.2334,2.2305,2.2323 
22781116,2.2375,2.2372,2.2362,2.2190,2.2234,2.2333,2.2302,2.2324 
22791206,2.2376,2.2373,2.2365,2.2190,2.2234,2.2335,2.2306,2.2326 
22801208,2.2377,2.2373,2.2365,2.2190,2.2233,2.2334,2.2304,2.2324 
22811235,2.2373,2.2375,2.2363,2.2190,2.2234,2.2334,2.2302,2.2326 
22821335,2.2375,2.2376,2.2365,2.2190,2.2233,2.2336,2.2306,2.2325 
22831435,2.2377,2.2374,2.2365,2.2189,2.2234,2.2336,2.2305,2.2325 
22841477,2.2376,2.2374,2.2365,2.2188,2.2232,2.2335,2.2305,2.2326 
22851445,2.2376,2.2375,2.2361,2.2190,2.2232,2.2333,2.2301,2.2325 
22861555,2.2376,2.2374,2.2364,2.2187,2.2231,2.2334,2.2303,2.2322 
22881638,2.2374,2.2372,2.2363,2.2190,2.2232,2.2332,2.2301,2.2322 
22891715,2.2377,2.2374,2.2361,2.2190,2.2233,2.2333,2.2304,2.2324 
22901755,2.2377,2.2372,2.2364,2.2190,2.2233,2.2334,2.2304,2.2325 
22911792,2.2376,2.2376,2.2365,2.2191,2.2233,2.2334,2.2306,2.2326 
22921893,2.2375,2.2372,2.2365,2.2189,2.2235,2.2337,2.2307,2.2325 
22931994,2.2371,2.2371,2.2358,2.2185,2.2227,2.2328,2.2298,2.2318 
22942085,2.2372,2.2368,2.2359,2.2185,2.2228,2.2329,2.2299,2.2318 
22952101,2.2370,2.2371,2.2359,2.2185,2.2228,2.2329,2.2299,2.2318 
22962085,2.2375,2.2372,2.2362,2.2189,2.2230,2.2331,2.2301,2.2322 
22972188,2.2375,2.2372,2.2365,2.2192,2.2237,2.2337,2.2304,2.2328 
22982188,2.2375,2.2374,2.2365,2.2190,2.2233,2.2334,2.2304,2.2323 
22992295,2.2375,2.2375,2.2365,2.2189,2.2232,2.2333,2.2305,2.2323 
23002326,2.2373,2.2373,2.2362,2.2188,2.2232,2.2334,2.2303,2.2324 
23012387,2.2374,2.2374,2.2363,2.2189,2.2233,2.2334,2.2305,2.2324 
23022405,2.2381,2.2380,2.2373,2.2196,2.2241,2.2341,2.2312,2.2331 
23032492,2.2376,2.2374,2.2364,2.2189,2.2233,2.2336,2.2304,2.2323 
23042490,2.2376,2.2376,2.2365,2.2190,2.2234,2.2338,2.2305,2.2326 
23052611,2.2374,2.2374,2.2362,2.2189,2.2232,2.2334,2.2304,2.2326 
23062667,2.2370,2.2369,2.2357,2.2184,2.2225,2.2326,2.2296,2.2315 
23072660,2.2370,2.2371,2.2363,2.2185,2.2228,2.2330,2.2299,2.2319 
23082791,2.2374,2.2372,2.2365,2.2188,2.2233,2.2336,2.2304,2.2323 
23092798,2.2375,2.2372,2.2361,2.2188,2.2231,2.2330,2.2300,2.2323 
23102832,2.2374,2.2374,2.2364,2.2190,2.2235,2.2335,2.2303,2.2327 
23112936,2.2373,2.2375,2.2365,2.2189,2.2231,2.2337,2.2306,2.2325 
23123007,2.2374,2.2373,2.2363,2.2191,2.2234,2.2335,2.2304,2.2324 
23133065,2.2375,2.2375,2.2364,2.2189,2.2234,2.2336,2.2305,2.2323 
23143062,2.2374,2.2373,2.2363,2.2187,2.2230,2.2332,2.2303,2.2321 
23153063,2.2373,2.2373,2.2360,2.2187,2.2232,2.2332,2.2302,2.2322 
23163181,2.2371,2.2368,2.2361,2.2186,2.2231,2.2329,2.2299,2.2321 
23173226,2.2374,2.2371,2.2364,2.2187,2.2232,2.2332,2.2303,2.2322 
23183318,2.2375,2.2375,2.2361,2.2187,2.2232,2.2333,2.2303,2.2323 
23193370,2.2372,2.2371,2.2360,2.2185,2.2226,2.2329,2.2300,2.2318 
23203446,2.2376,2.2372,2.2362,2.2189,2.2233,2.2334,2.2302,2.2322 
23213472,2.2376,2.2374,2.2361,2.2188,2.2233,2.2331,2.2303,2.2324 
23223463,2.2375,2.2374,2.2362,2.2189,2.2231,2.2332,2.2301,2.2321 
23233619,2.2375,2.2376,2.2363,2.2188,2.2233,2.2334,2.2303,2.2324 
23243641,2.2373,2.2375,2.2363,2.2187,2.2230,2.2332,2.2304,2.2321 
23253584,2.2370,2.2371,2.2360,2.2184,2.2228,2.2329,2.2300,2.2319 
23263790,2.2369,2.2370,2.2358,2.2184,2.2227,2.2327,2.2296,2.2317 
23273870,2.2371,2.2367,2.2356,2.2184,2.2227,2.2327,2.2295,2.2318 
23283881,2.2375,2.2373,2.2363,2.2188,2.2232,2.2334,2.2305,2.2324 
23293924,2.2372,2.2376,2.2363,2.2188,2.2232,2.2332,2.2303,2.2323 
23303966,2.2372,2.2373,2.2363,2.2188,2.2231,2.2333,2.2302,2.2321 
23314036,2.2374,2.2373,2.2365,2.2188,2.2232,2.2334,2.2304,2.2324 
23323949,2.2370,2.2372,2.2362,2.2186,2.2229,2.2330,2.2301,2.2319 
23334148,2.2377,2.2373,2.2364,2.2190,2.2234,2.2335,2.2304,2.2324 
23344226,2.2375,2.2376,2.2365,2.2188,2.2231,2.2333,2.2304,2.2323 
23354242,2.2374,2.2372,2.2363,2.2189,2.2232,2.2334,2.2303,2.2323 
23364282,2.2375,2.2373,2.2363,2.2192,2.2234,2.2334,2.2303,2.2324 
23374291,2.2377,2.2371,2.2362,2.2190,2.2233,2.2335,2.2302,2.2325 
23384437,2.2379,2.2374,2.2367,2.2191,2.2234,2.2336,2.2305,2.2326 
23394495,2.2375,2.2374,2.2364,2.2189,2.2235,2.2336,2.2303,2.2326 
23404484,2.2378,2.2375,2.2365,2.2190,2.2235,2.2335,2.2306,2.2325 
23414599,2.2376,2.2377,2.2365,2.2190,2.2234,2.2334,2.2306,2.2325 
23424685,2.2375,2.2373,2.2364,2.2188,2.2233,2.2332,2.2302,2.2324 
23434491,2.2374,2.2371,2.2361,2.2187,2.2230,2.2330,2.2300,2.2321 
23444708,2.2377,2.2377,2.2362,2.2191,2.2235,2.2334,2.2302,2.2327 
23454813,2.2376,2.2374,2.2364,2.2190,2.2234,2.2334,2.2302,2.2324 
23464878,2.2375,2.2371,2.2364,2.2189,2.2235,2.2333,2.2303,2.2326 
23474926,2.2375,2.2374,2.2365,2.2191,2.2236,2.2336,2.2305,2.2326 
23484981,2.2376,2.2372,2.2362,2.2190,2.2233,2.2333,2.2302,2.2324 
23494997,2.2375,2.2375,2.2362,2.2188,2.2231,2.2332,2.2303,2.2324 
23505064,2.2376,2.2375,2.2363,2.2190,2.2234,2.2334,2.2304,2.2323 
23515110,2.2374,2.2373,2.2363,2.2189,2.2233,2.2334,2.2306,2.2325 
23525157,2.2377,2.2375,2.2365,2.2190,2.2233,2.2336,2.2307,2.2324 
23535246,2.2374,2.2376,2.2365,2.2189,2.2231,2.2335,2.2305,2.2323 
23545282,2.2374,2.2375,2.2364,2.2190,2.2233,2.2336,2.2305,2.2325 
23555239,2.2376,2.2371,2.2360,2.2189,2.2230,2.2333,2.2302,2.2323 
23565349,2.2379,2.2376,2.2365,2.2190,2.2236,2.2339,2.2307,2.2327 
23575453,2.2374,2.2374,2.2362,2.2190,2.2234,2.2337,2.2305,2.2325 
23585550,2.2378,2.2377,2.2364,2.2191,2.2236,2.2336,2.2307,2.2326 
23595516,2.2380,2.2378,2.2368,2.2193,2.2236,2.2340,2.2310,2.2327 
23605609,2.2381,2.2375,2.2367,2.2193,2.2237,2.2341,2.2309,2.2330 
23615635,2.2375,2.2373,2.2362,2.2187,2.2231,2.2331,2.2303,2.2321 
23625727,2.2370,2.2370,2.2358,2.2185,2.2228,2.2326,2.2298,2.2316 
23635780,2.2370,2.2370,2.2360,2.2184,2.2230,2.2329,2.2298,2.2319 
23645824,2.2378,2.2374,2.2366,2.2190,2.2233,2.2335,2.2306,2.2324 
23655928,2.2379,2.2375,2.2365,2.2193,2.2236,2.2337,2.2307,2.2325 
23665905,2.2376,2.2376,2.2363,2.2188,2.2230,2.2331,2.2302,2.2323 
23676054,2.2371,2.2370,2.2358,2.2184,2.2229,2.2328,2.2297,2.2319 
23686061,2.2374,2.2372,2.2364,2.2189,2.2231,2.2334,2.2304,2.2322 
23696074,2.2373,2.2371,2.2361,2.2187,2.2231,2.2331,2.2301,2.2322 
23706178,2.2374,2.2374,2.2366,2.2188,2.2232,2.2334,2.2304,2.2324 
23716270,2.2374,2.2373,2.2363,2.2189,2.2235,2.2333,2.2301,2.2324 
23726321,2.2377,2.2377,2.2367,2.2194,2.2236,2.2338,2.2308,2.2328 
23736354,2.2377,2.2373,2.2363,2.2189,2.2232,2.2333,2.2304,2.2323 
23746401,2.2372,2.2371,2.2364,2.2188,2.2233,2.2333,2.2303,2.2324 
23756437,2.2374,2.2374,2.2365,2.2191,2.2235,2.2333,2.2303,2.2323 
23766493,2.2374,2.2373,2.2365,2.2190,2.2233,2.2335,2.2306,2.2323 
23776598,2.2375,2.2374,2.2363,2.2190,2.2234,2.2333,2.2302,2.2323 
23786623,2.2377,2.2377,2.2366,2.2191,2.2234,2.2336,2.2307,2.2325 
23796679,2.2375,2.2372,2.2363,2.2189,2.2234,2.2332,2.2302,2.2324 
23806797,2.2373,2.2374,2.2363,2.2189,2.2234,2.2335,2.2304,2.2326 
23816799,2.2375,2.2373,2.2364,2.2189,2.2233,2.2334,2.2304,2.2323 
23826872,2.2373,2.2374,2.2364,2.2188,2.2231,2.2334,2.2303,2.2324 
23836900,2.2375,2.2375,2.2367,2.2190,2.2234,2.2336,2.2306,2.2325 
23846905,2.2376,2.2374,2.2362,2.2190,2.2235,2.2335,2.2303,2.2325 
23856991,2.2376,2.2374,2.2366,2.2190,2.2236,2.2337,2.2305,2.2327 
23867040,2.2374,2.2376,2.2365,2.2190,2.2235,2.2336,2.2306,2.2326 
23876937,2.2372,2.2370,2.2359,2.2187,2.2230,2.2331,2.2300,2.2320 
23887187,2.2376,2.2377,2.2366,2.2190,2.2235,2.2337,2.2307,2.2325 
23897255,2.2376,2.2375,2.2364,2.2190,2.2232,2.2335,2.2306,2.2322 
23907279,2.2375,2.2372,2.2362,2.2190,2.2234,2.2333,2.2303,2.2326 
23917351,2.2378,2.2374,2.2362,2.2189,2.2229,2.2333,2.2302,2.2321 
23927377,2.2376,2.2374,2.2364,2.2191,2.2234,2.2333,2.2306,2.2324 
23937439,2.2369,2.2374,2.2361,2.2186,2.2230,2.2328,2.2301,2.2322 
23947444,2.2375,2.2375,2.2362,2.2187,2.2230,2.2332,2.2301,2.2322 
23957541,2.2373,2.2373,2.2358,2.2187,2.2231,2.2331,2.2300,2.2321 
23967623,2.2373,2.2376,2.2365,2.2189,2.2233,2.2334,2.2304,2.2322 
23977712,2.2375,2.2373,2.2362,2.2189,2.2234,2.2333,2.2302,2.2324 
23987769,2.2379,2.2375,2.2364,2.2193,2.2237,2.2334,2.2306,2.2327 
23997828,2.2376,2.2375,2.2365,2.2188,2.2233,2.2334,2.2305,2.2323 
24007833,2.2374,2.2371,2.2360,2.2189,2.2233,2.2332,2.2303,2.2323 
24017920,2.2383,2.2381,2.2371,2.2198,2.2242,2.2341,2.2311,2.2332 
24028019,2.2383,2.2385,2.2372,2.2197,2.2241,2.2341,2.2312,2.2331 
24037995,2.2377,2.2375,2.2365,2.2190,2.2234,2.2332,2.2303,2.2324 
24048044,2.2375,2.2374,2.2365,2.2190,2.2235,2.2336,2.2306,2.2327 
24058132,2.2374,2.2377,2.2368,2.2191,2.2234,2.2335,2.2308,2.2324 
24068188,2.2374,2.2375,2.2361,2.2187,2.2231,2.2333,2.2303,2.2324 
24078222,2.2376,2.2374,2.2361,2.2189,2.2235,2.2333,2.2303,2.2324 
24088289,2.2373,2.2371,2.2362,2.2188,2.2232,2.2332,2.2302,2.2322 
24098387,2.2377,2.2374,2.2364,2.2189,2.2232,2.2333,2.2304,2.2322 
24108444,2.2376,2.2374,2.2365,2.2191,2.2236,2.2337,2.2306,2.2326 
24118450,2.2377,2.2375,2.2363,2.2190,2.2235,2.2333,2.2303,2.2324 
24128535,2.2377,2.2376,2.2365,2.2189,2.2234,2.2333,2.2305,2.2326 
24138570,2.2373,2.2370,2.2363,2.2188,2.2231,2.2332,2.2302,2.2323 
24148672,2.2376,2.2374,2.2364,2.2191,2.2234,2.2333,2.2302,2.2325 
24158686,2.2376,2.2374,2.2362,2.2192,2.2232,2.2333,2.2303,2.2324 
24168744,2.2371,2.2374,2.2359,2.2186,2.2229,2.2330,2.2299,2.2318 
24178889,2.2371,2.2372,2.2359,2.2185,2.2228,2.2328,2.2298,2.2317 
24188917,2.2366,2.2368,2.2358,2.2181,2.2226,2.2328,2.2299,2.2316 
24198893,2.2368,2.2369,2.2359,2.2182,2.2226,2.2328,2.2300,2.2316 
24209039,2.2371,2.2368,2.2357,2.2183,2.2227,2.2329,2.2297,2.2317 
24218949,2.2368,2.2370,2.2360,2.2183,2.2225,2.2328,2.2298,2.2315 
24229097,2.2377,2.2378,2.2369,2.2193,2.2238,2.2339,2.2309,2.2327 
24239164,2.2382,2.2381,2.2374,2.2196,2.2240,2.2343,2.2313,2.2333 
24249103,2.2382,2.2380,2.2370,2.2193,2.2236,2.2338,2.2309,2.2329 
24259258,2.2380,2.2378,2.2367,2.2194,2.2237,2.2337,2.2307,2.2329 
24269307,2.2374,2.2373,2.2366,2.2191,2.2237,2.2339,2.2307,2.2328 
24279346,2.2375,2.2374,2.2365,2.2190,2.2234,2.2333,2.2304,2.2323 
24289443,2.2376,2.2376,2.2364,2.2191,2.2235,2.2336,2.2306,2.2325 
24299462,2.2380,2.2377,2.2366,2.2192,2.2238,2.2337,2.2305,2.2328 
24309503,2.2375,2.2374,2.2366,2.2190,2.2234,2.2336,2.2305,2.2325 
24319580,2.2372,2.2371,2.2359,2.2185,2.2228,2.2330,2.2300,2.2319 
24329599,2.2368,2.2367,2.2358,2.2183,2.2228,2.2327,2.2300,2.2318 
24339750,2.2371,2.2371,2.2359,2.2185,2.2226,2.2328,2.2299,2.2317 
24349772,2.2374,2.2373,2.2363,2.2188,2.2233,2.2333,2.2306,2.2323 
24359830,2.2374,2.2374,2.2361,2.2187,2.2231,2.2331,2.2302,2.2323 
24369932,2.2369,2.2367,2.2358,2.2183,2.2229,2.2327,2.2298,2.2319 
24379996,2.2371,2.2369,2.2357,2.2184,2.2227,2.2326,2.2298,2.2318 
24390005,2.2371,2.2370,2.2357,2.2184,2.2226,2.2327,2.2296,2.2315 
24399980,2.2376,2.2372,2.2361,2.2189,2.2234,2.2331,2.2303,2.2322 
24410081,2.2373,2.2374,2.2365,2.2190,2.2234,2.2335,2.2305,2.2324 
24420154,2.2378,2.2374,2.2366,2.2190,2.2235,2.2334,2.2305,2.2325 
24430180,2.2380,2.2376,2.2366,2.2191,2.2235,2.2338,2.2306,2.2327 
24440245,2.2374,2.2375,2.2363,2.2189,2.2231,2.2334,2.2303,2.2324 
24450244,2.2375,2.2375,2.2363,2.2190,2.2233,2.2335,2.2304,2.2322 
24460359,2.2374,2.2371,2.2360,2.2185,2.2230,2.2330,2.2299,2.2321 
24470284,2.2372,2.2370,2.2360,2.2184,2.2229,2.2332,2.2300,2.2321 
24480525,2.2372,2.2370,2.2357,2.2184,2.2228,2.2326,2.2296,2.2317 
24490569,2.2368,2.2366,2.2355,2.2181,2.2224,2.2326,2.2296,2.2315 
24500586,2.2370,2.2369,2.2357,2.2185,2.2226,2.2328,2.2300,2.2319 
24510719,2.2369,2.2368,2.2356,2.2183,2.2225,2.2325,2.2295,2.2318 
24520745,2.2368,2.2365,2.2356,2.2182,2.2226,2.2324,2.2294,2.2314 
24530807,2.2367,2.2366,2.2355,2.2182,2.2224,2.2325,2.2296,2.2316 
24540832,2.2370,2.2370,2.2358,2.2182,2.2225,2.2324,2.2296,2.2317 
24550765,2.2370,2.2368,2.2360,2.2186,2.2230,2.2328,2.2298,2.2321 
24560899,2.2373,2.2372,2.2365,2.2187,2.2231,2.2334,2.2303,2.2322 
24570918,2.2377,2.2375,2.2362,2.2190,2.2233,2.2334,2.2301,2.2323 
24581011,2.2375,2.2374,2.2364,2.2190,2.2234,2.2333,2.2304,2.2325 
24591133,2.2376,2.2375,2.2364,2.2189,2.2233,2.2334,2.2304,2.2324 
24601096,2.2375,2.2376,2.2366,2.2190,2.2232,2.2335,2.2306,2.2325 
24611233,2.2377,2.2377,2.2366,2.2193,2.2235,2.2335,2.2305,2.2324 
24621264,2.2374,2.2376,2.2364,2.2188,2.2234,2.2336,2.2305,2.2326 
24631291,2.2376,2.2375,2.2364,2.2191,2.2237,2.2334,2.2304,2.2327 
24641323,2.2373,2.2371,2.2362,2.2186,2.2231,2.2333,2.2302,2.2323 
24651460,2.2376,2.2377,2.2365,2.2192,2.2234,2.2335,2.2304,2.2324 
24661471,2.2376,2.2375,2.2362,2.2190,2.2231,2.2332,2.2303,2.2324 
24671585,2.2370,2.2369,2.2355,2.2184,2.2226,2.2328,2.2297,2.2315 
24681571,2.2370,2.2368,2.2359,2.2182,2.2227,2.2328,2.2299,2.2320 
24691630,2.2374,2.2371,2.2365,2.2188,2.2232,2.2334,2.2303,2.2323 
24701621,2.2374,2.2375,2.2361,2.2190,2.2233,2.2333,2.2301,2.2323 
24711675,2.2373,2.2372,2.2361,2.2186,2.2228,2.2330,2.2300,2.2319 
24721727,2.2372,2.2370,2.2358,2.2186,2.2230,2.2328,2.2299,2.2319 
24731872,2.2376,2.2375,2.2364,2.2190,2.2235,2.2333,2.2304,2.2323 
24741879,2.2378,2.2378,2.2370,2.2192,2.2237,2.2339,2.2310,2.2330 
24751974,2.2375,2.2376,2.2365,2.2191,2.2236,2.2338,2.2308,2.2328 
24762015,2.2377,2.2374,2.2366,2.2191,2.2235,2.2335,2.2305,2.2326 
24772066,2.2376,2.2374,2.2366,2.2191,2.2233,2.2335,2.2307,2.2325 
24782126,2.2377,2.2374,2.2365,2.2190,2.2235,2.2334,2.2306,2.2326 
24792171,2.2376,2.2372,2.2366,2.2191,2.2235,2.2338,2.2307,2.2326 
24802234,2.2378,2.2375,2.2366,2.2191,2.2234,2.2335,2.2306,2.2326 
24812375,2.2372,2.2373,2.2359,2.2183,2.2226,2.2326,2.2299,2.2317 
24822370,2.2368,2.2368,2.2356,2.2183,2.2226,2.2326,2.2295,2.2316 
24832440,2.2371,2.2368,2.2358,2.2184,2.2229,2.2326,2.2297,2.2319 
24842519,2.2378,2.2374,2.2363,2.2192,2.2234,2.2338,2.2306,2.2326 
24852556,2.2369,2.2368,2.2356,2.2182,2.2227,2.2326,2.2298,2.2317 
24862609,2.2368,2.2368,2.2357,2.2185,2.2228,2.2329,2.2299,2.2319 
24872566,2.2372,2.2372,2.2360,2.2183,2.2229,2.2333,2.2302,2.2321 
24882700,2.2372,2.2373,2.2361,2.2184,2.2228,2.2331,2.2303,2.2319 
24892779,2.2370,2.2368,2.2357,2.2186,2.2230,2.2327,2.2297,2.2317 
24902673,2.2373,2.2370,2.2359,2.2186,2.2228,2.2330,2.2301,2.2320 
24912871,2.2375,2.2374,2.2366,2.2191,2.2237,2.2338,2.2307,2.2327 
24922916,2.2374,2.2375,2.2362,2.2189,2.2231,2.2332,2.2302,2.2322 
24933016,2.2367,2.2369,2.2357,2.2183,2.2228,2.2327,2.2297,2.2319 
24943094,2.2371,2.2367,2.2359,2.2184,2.2228,2.2329,2.2299,2.2319 
24953105,2.2370,2.2368,2.2359,2.2182,2.2226,2.2327,2.2297,2.2316 
24963200,2.2372,2.2371,2.2358,2.2185,2.2228,2.2329,2.2298,2.2319 
24973249,2.2367,2.2366,2.2354,2.2183,2.2227,2.2326,2.2296,2.2315 
24983301,2.2370,2.2369,2.2359,2.2184,2.2225,2.2328,2.2298,2.2318 
24993318,2.2370,2.2369,2.2357,2.2183,2.2227,2.2329,2.2298,2.2318 
25003413,2.2368,2.2369,2.2358,2.2183,2.2226,2.2327,2.2298,2.2317 
25013402,2.2371,2.2370,2.2359,2.2186,2.2228,2.2328,2.2299,2.2318 
25023504,2.2371,2.2368,2.2358,2.2184,2.2226,2.2326,2.2298,2.2315 
25033569,2.2371,2.2368,2.2360,2.2185,2.2229,2.2329,2.2299,2.2318 
25043595,2.2378,2.2376,2.2366,2.2192,2.2236,2.2336,2.2307,2.2326 
25053635,2.2377,2.2377,2.2365,2.2189,2.2233,2.2336,2.2304,2.2325 
25063681,2.2375,2.2375,2.2364,2.2190,2.2235,2.2335,2.2305,2.2326 
25073746,2.2380,2.2376,2.2367,2.2192,2.2235,2.2335,2.2305,2.2325 
25083854,2.2376,2.2374,2.2364,2.2189,2.2234,2.2335,2.2305,2.2326 
25093838,2.2375,2.2372,2.2365,2.2190,2.2233,2.2336,2.2306,2.2325 
25103927,2.2376,2.2377,2.2365,2.2191,2.2235,2.2336,2.2307,2.2326 
25114011,2.2376,2.2374,2.2363,2.2191,2.2234,2.2333,2.2303,2.2323 
25124046,2.2376,2.2375,2.2365,2.2190,2.2233,2.2337,2.2306,2.2326 
25134082,2.2377,2.2373,2.2368,2.2191,2.2235,2.2338,2.2307,2.2326 
25144168,2.2379,2.2377,2.2365,2.2193,2.2235,2.2336,2.2306,2.2326 
25154142,2.2377,2.2374,2.2366,2.2190,2.2236,2.2336,2.2305,2.2326 
25164260,2.2377,2.2377,2.2366,2.2189,2.2232,2.2335,2.2307,2.2323 
25174257,2.2374,2.2378,2.2363,2.2190,2.2234,2.2334,2.2304,2.2324 
25184334,2.2372,2.2373,2.2363,2.2187,2.2230,2.2330,2.2302,2.2319 
25194360,2.2374,2.2372,2.2362,2.2188,2.2231,2.2331,2.2301,2.2321 
25204473,2.2375,2.2373,2.2364,2.2190,2.2234,2.2336,2.2304,2.2325 
25214595,2.2378,2.2375,2.2367,2.2191,2.2234,2.2338,2.2307,2.2326 
25224631,2.2376,2.2373,2.2362,2.2190,2.2233,2.2333,2.2303,2.2324 
25234607,2.2376,2.2376,2.2367,2.2190,2.2233,2.2334,2.2305,2.2327 
25244678,2.2375,2.2374,2.2363,2.2190,2.2235,2.2333,2.2305,2.2325 
25254811,2.2376,2.2373,2.2363,2.2192,2.2233,2.2335,2.2304,2.2325 
25264833,2.2375,2.2374,2.2364,2.2189,2.2232,2.2335,2.2305,2.2323 
25274905,2.2376,2.2375,2.2363,2.2192,2.2235,2.2333,2.2304,2.2324 
25284881,2.2375,2.2372,2.2364,2.2190,2.2234,2.2333,2.2304,2.2326 
25295034,2.2375,2.2377,2.2364,2.2189,2.2234,2.2337,2.2305,2.2325 
25305068,2.2374,2.2373,2.2364,2.2190,2.2234,2.2334,2.2304,2.2326 
25315118,2.2376,2.2375,2.2365,2.2190,2.2232,2.2336,2.2307,2.2324 
25325224,2.2375,2.2374,2.2366,2.2189,2.2235,2.2335,2.2306,2.2325 
25335178,2.2377,2.2375,2.2365,2.2190,2.2233,2.2336,2.2303,2.2326 
25345318,2.2375,2.2377,2.2365,2.2191,2.2236,2.2334,2.2305,2.2325 
25355360,2.2373,2.2378,2.2366,2.2188,2.2233,2.2334,2.2306,2.2325 
25365394,2.2375,2.2372,2.2363,2.2191,2.2233,2.2334,2.2304,2.2324 
25375420,2.2374,2.2372,2.2365,2.2190,2.2232,2.2335,2.2304,2.2323 
25385519,2.2376,2.2375,2.2365,2.2191,2.2236,2.2337,2.2305,2.2327 
25395576,2.2373,2.2371,2.2362,2.2188,2.2234,2.2334,2.2304,2.2325 
25405669,2.2375,2.2373,2.2365,2.2188,2.2234,2.2333,2.2303,2.2326 
25415708,2.2378,2.2378,2.2365,2.2189,2.2233,2.2334,2.2304,2.2325 
25425765,2.2374,2.2376,2.2364,2.2189,2.2234,2.2335,2.2303,2.2325 
25435825,2.2371,2.2372,2.2364,2.2188,2.2232,2.2335,2.2303,2.2324 
25445880,2.2378,2.2372,2.2365,2.2192,2.2233,2.2337,2.2306,2.2326 
25455959,2.2376,2.2375,2.2365,2.2193,2.2236,2.2335,2.2306,2.2324 
25465988,2.2373,2.2373,2.2362,2.2190,2.2233,2.2332,2.2302,2.2323 
25476087,2.2376,2.2373,2.2364,2.2189,2.2233,2.2334,2.2304,2.2324 
25506215,2.2374,2.2375,2.2365,2.2188,2.2231,2.2331,2.2303,2.2322 
25516304,2.2374,2.2375,2.2365,2.2189,2.2233,2.2334,2.2305,2.2325 
25526376,2.2377,2.2375,2.2365,2.2189,2.2233,2.2337,2.2306,2.2324 
25536402,2.2375,2.2375,2.2363,2.2189,2.2234,2.2334,2.2302,2.2325 
25546472,2.2377,2.2376,2.2364,2.2191,2.2233,2.2335,2.2307,2.2325 
25556495,2.2370,2.2371,2.2358,2.2185,2.2230,2.2327,2.2297,2.2321 
25566572,2.2371,2.2371,2.2360,2.2184,2.2227,2.2327,2.2297,2.2317 
25576518,2.2372,2.2370,2.2362,2.2185,2.2230,2.2331,2.2302,2.2321 
25586743,2.2376,2.2373,2.2364,2.2188,2.2233,2.2336,2.2303,2.2325 
25596792,2.2374,2.2373,2.2364,2.2188,2.2232,2.2334,2.2304,2.2323 
25606805,2.2374,2.2373,2.2364,2.2189,2.2233,2.2334,2.2305,2.2325 
25616843,2.2375,2.2374,2.2363,2.2191,2.2233,2.2335,2.2303,2.2324 
25626927,2.2377,2.2377,2.2364,2.2191,2.2234,2.2332,2.2305,2.2324 
25636967,2.2376,2.2374,2.2364,2.2191,2.2234,2.2335,2.2304,2.2325 
25646954,2.2374,2.2376,2.2361,2.2190,2.2233,2.2334,2.2305,2.2322 
25657065,2.2375,2.2376,2.2363,2.2191,2.2233,2.2332,2.2302,2.2323 
25667070,2.2376,2.2374,2.2364,2.2189,2.2230,2.2333,2.2303,2.2321 
25677214,2.2373,2.2374,2.2364,2.2188,2.2231,2.2332,2.2304,2.2322 
25687251,2.2375,2.2374,2.2363,2.2188,2.2232,2.2333,2.2305,2.2324 
25697234,2.2374,2.2374,2.2366,2.2190,2.2233,2.2331,2.2303,2.2322 
25707305,2.2377,2.2372,2.2364,2.2190,2.2235,2.2335,2.2305,2.2325 
25717455,2.2374,2.2374,2.2365,2.2188,2.2233,2.2336,2.2306,2.2327 
25727499,2.2375,2.2372,2.2363,2.2189,2.2234,2.2335,2.2304,2.2324 
25737540,2.2375,2.2373,2.2363,2.2187,2.2231,2.2333,2.2302,2.2323 
25747610,2.2373,2.2375,2.2364,2.2189,2.2232,2.2333,2.2304,2.2322 
25757668,2.2377,2.2373,2.2366,2.2192,2.2236,2.2335,2.2306,2.2328 
25767753,2.2378,2.2376,2.2364,2.2192,2.2235,2.2336,2.2304,2.2325 
25777751,2.2378,2.2373,2.2364,2.2190,2.2234,2.2334,2.2303,2.2323 
25787841,2.2377,2.2373,2.2364,2.2190,2.2234,2.2336,2.2304,2.2326 
25797873,2.2374,2.2373,2.2364,2.2191,2.2234,2.2333,2.2304,2.2325 
25807951,2.2375,2.2376,2.2362,2.2188,2.2233,2.2335,2.2306,2.2324 
25818051,2.2371,2.2371,2.2359,2.2184,2.2226,2.2328,2.2297,2.2317 
25827992,2.2372,2.2371,2.2363,2.2187,2.2231,2.2331,2.2303,2.2322 
25838071,2.2377,2.2375,2.2367,2.2190,2.2235,2.2336,2.2305,2.2325 
25848121,2.2373,2.2371,2.2361,2.2189,2.2233,2.2333,2.2302,2.2325 
25858236,2.2373,2.2374,2.2364,2.2191,2.2235,2.2337,2.2305,2.2326 
25868304,2.2375,2.2374,2.2364,2.2190,2.2235,2.2336,2.2304,2.2327 
25878333,2.2378,2.2375,2.2366,2.2192,2.2236,2.2338,2.2306,2.2327 
25888427,2.2378,2.2375,2.2368,2.2194,2.2238,2.2337,2.2308,2.2327 
25898414,2.2374,2.2371,2.2361,2.2189,2.2234,2.2335,2.2301,2.2324 
25908477,2.2374,2.2376,2.2364,2.2190,2.2233,2.2334,2.2304,2.2324 
25918525,2.2372,2.2371,2.2362,2.2186,2.2230,2.2332,2.2302,2.2323 
25928611,2.2370,2.2371,2.2357,2.2183,2.2226,2.2327,2.2296,2.2317 
25938712,2.2370,2.2370,2.2356,2.2185,2.2227,2.2325,2.2297,2.2316 
25948780,2.2369,2.2366,2.2357,2.2184,2.2225,2.2326,2.2295,2.2316 
25958837,2.2370,2.2371,2.2358,2.2182,2.2227,2.2327,2.2295,2.2318 
25968879,2.2372,2.2370,2.2358,2.2183,2.2228,2.2325,2.2296,2.2318 
25978887,2.2370,2.2371,2.2359,2.2184,2.2229,2.2330,2.2299,2.2320 
25988910,2.2374,2.2374,2.2365,2.2190,2.2233,2.2332,2.2303,2.2323 
25999027,2.2374,2.2374,2.2364,2.2189,2.2232,2.2334,2.2305,2.2322 
26009086,2.2372,2.2374,2.2364,2.2187,2.2234,2.2334,2.2305,2.2326 
26019048,2.2376,2.2377,2.2361,2.2190,2.2234,2.2333,2.2301,2.2326 
26029194,2.2374,2.2372,2.2364,2.2189,2.2233,2.2333,2.2305,2.2323 
26039255,2.2377,2.2371,2.2366,2.2191,2.2233,2.2335,2.2305,2.2324 
26049338,2.2372,2.2370,2.2359,2.2186,2.2228,2.2327,2.2297,2.2318 
26059426,2.2370,2.2369,2.2357,2.2184,2.2226,2.2328,2.2298,2.2317 
26069413,2.2375,2.2373,2.2362,2.2188,2.2232,2.2333,2.2302,2.2323 
26079502,2.2376,2.2375,2.2364,2.2192,2.2236,2.2334,2.2302,2.2324 
26089484,2.2377,2.2377,2.2368,2.2190,2.2234,2.2336,2.2307,2.2326 
26099542,2.2373,2.2373,2.2363,2.2190,2.2234,2.2333,2.2303,2.2324 
26109664,2.2372,2.2372,2.2362,2.2189,2.2233,2.2334,2.2305,2.2324 
26119736,2.2377,2.2373,2.2363,2.2189,2.2233,2.2332,2.2303,2.2323 
26129777,2.2376,2.2375,2.2365,2.2191,2.2233,2.2335,2.2304,2.2325 
26139830,2.2374,2.2372,2.2364,2.2188,2.2233,2.2335,2.2305,2.2325 
26149855,2.2378,2.2376,2.2368,2.2191,2.2236,2.2337,2.2305,2.2327 
26159913,2.2374,2.2374,2.2361,2.2188,2.2233,2.2331,2.2302,2.2323 
26170038,2.2373,2.2369,2.2359,2.2185,2.2226,2.2328,2.2296,2.2318 
26180017,2.2373,2.2372,2.2360,2.2188,2.2232,2.2331,2.2300,2.2321 
26189986,2.2373,2.2370,2.2359,2.2186,2.2230,2.2330,2.2301,2.2321 
26200090,2.2373,2.2370,2.2362,2.2187,2.2229,2.2330,2.2299,2.2319 
26210229,2.2375,2.2372,2.2364,2.2189,2.2235,2.2336,2.2305,2.2325 
26220269,2.2375,2.2375,2.2362,2.2189,2.2231,2.2334,2.2303,2.2326 
26230314,2.2375,2.2376,2.2365,2.2190,2.2234,2.2337,2.2308,2.2327 
26240339,2.2375,2.2374,2.2364,2.2190,2.2233,2.2332,2.2303,2.2324 
26250441,2.2379,2.2375,2.2364,2.2189,2.2231,2.2335,2.2303,2.2324 
26260530,2.2376,2.2375,2.2365,2.2192,2.2235,2.2335,2.2305,2.2325 
26270575,2.2376,2.2375,2.2364,2.2190,2.2235,2.2334,2.2305,2.2326 
26280597,2.2374,2.2375,2.2366,2.2190,2.2235,2.2338,2.2307,2.2328 
26290692,2.2378,2.2375,2.2367,2.2191,2.2235,2.2338,2.2306,2.2326 
26300708,2.2375,2.2372,2.2362,2.2190,2.2236,2.2335,2.2304,2.2327 
26310767,2.2373,2.2373,2.2361,2.2191,2.2231,2.2333,2.2301,2.2321 
26320863,2.2370,2.2372,2.2358,2.2187,2.2228,2.2326,2.2298,2.2319 
26330902,2.2374,2.2372,2.2363,2.2189,2.2234,2.2335,2.2304,2.2323 
26340957,2.2376,2.2375,2.2363,2.2190,2.2233,2.2334,2.2306,2.2323 
26351023,2.2377,2.2375,2.2363,2.2189,2.2236,2.2334,2.2307,2.2324 
26361084,2.2376,2.2377,2.2365,2.2190,2.2234,2.2333,2.2303,2.2323 
26371118,2.2376,2.2376,2.2365,2.2191,2.2233,2.2332,2.2304,2.2323 
26381187,2.2375,2.2372,2.2362,2.2189,2.2233,2.2335,2.2305,2.2325 
26391212,2.2377,2.2375,2.2363,2.2190,2.2234,2.2335,2.2305,2.2323 
26401262,2.2376,2.2372,2.2363,2.2190,2.2233,2.2335,2.2303,2.2326 
26411371,2.2374,2.2373,2.2365,2.2187,2.2233,2.2337,2.2306,2.2326 
26421466,2.2375,2.2373,2.2364,2.2192,2.2236,2.2336,2.2305,2.2326 
26431442,2.2376,2.2376,2.2366,2.2190,2.2234,2.2336,2.2306,2.2326 
26441530,2.2377,2.2374,2.2365,2.2190,2.2233,2.2334,2.2304,2.2324 
26451612,2.2375,2.2372,2.2362,2.2189,2.2231,2.2332,2.2303,2.2321 
